﻿pos_x,pos_y,rotation,side,designator,mpn,pack,footprint,value,mount_type
132.7,-80.86,180.0,bottom,A1,,,Adafruit_Feather,Adafruit_Feather_HUZZAH32_ESP32,tht
79.42415,-100.895,0.0,bottom,D1,,,D_SOD-123,1N4148W,smt
79.42415,-106.595,0.0,bottom,D2,,,D_SOD-123,1N4148W,smt
79.42415,-95.095,0.0,bottom,D3,,,D_SOD-123,1N4148W,smt
116.9,-72.8,180.0,bottom,D4,,,D_SOD-123F,MBR230L,smt
105.2,-126.0,90.0,bottom,D6,,,D_SOD-123,1N4148W,smt
79.42415,-109.395,0.0,bottom,F1,,,Fuse_1210_3225Metric,PLF_5A,smt
79.42415,-103.795,0.0,bottom,F2,,,Fuse_1210_3225Metric,PLF_5A,smt
79.42415,-97.995,0.0,bottom,F3,,,Fuse_1210_3225Metric,PLF_5A,smt
84.95,-89.85,90.0,bottom,J1,,,"TerminalBlock_Phoenix_MPT-0,5-4-2.54_1x04_P2.54mm_Horizontal",LED,tht
101.8,-127.7,180.0,top,J2,,,"TerminalBlock_Phoenix_PT-1,5-2-3.5-H_1x02_P3.50mm_Horizontal",ST_BLA,tht
108.3,-72.7,0.0,bottom,J3,,,BarrelJack_CUI_PJ-063AH_Horizontal,Barrel_Jack_Switch,tht
74.5,-106.25,180.0,top,J5,,,PinHeader_2x06_P2.54mm_Vertical,Conn_02x06_Odd_Even,tht
93.098141,-74.39325,10.0,bottom,J6,,,"TerminalBlock_Phoenix_PT-1,5-2-3.5-H_1x02_P3.50mm_Horizontal",ST_BLA,tht
108.04,-77.2,90.0,bottom,JP1,,,PinHeader_1x03_P2.54mm_Vertical,power_select,tht
85.92415,-98.695,180.0,bottom,Q1,,,SO8SOP-8L_AOS,AOSP36326C,smt
85.92415,-104.495,180.0,bottom,Q2,,,SO8SOP-8L_AOS,AOSP36326C,smt
86.02415,-110.295,180.0,bottom,Q3,,,SO8SOP-8L_AOS,AOSP36326C,smt
100.1,-119.7,180.0,bottom,Q5,,,SO8SOP-8L_AOS,AOSP36326C,smt
91.72415,-100.595,180.0,bottom,R1,,,R_0805_2012Metric,220,smt
91.82415,-106.395,180.0,bottom,R2,,,R_0805_2012Metric,220,smt
91.62415,-112.195,180.0,bottom,R3,,,R_0805_2012Metric,220,smt
90.92415,-97.695,-90.0,bottom,R4,,,R_0805_2012Metric,10K,smt
91.02415,-103.595,-90.0,bottom,R5,,,R_0805_2012Metric,10K,smt
90.92415,-109.395,-90.0,bottom,R6,,,R_0805_2012Metric,10K,smt
105.0,-120.5,-90.0,bottom,R7,,,R_0805_2012Metric,220,smt
107.2,-120.5,-90.0,bottom,R8,,,R_0805_2012Metric,10K,smt
