﻿pos_x,pos_y,rotation,side,designator,mpn,pack,footprint,value,mount_type
65.61,-99.9,90.0,top,J1,,,straight_power_track_02X06,track_power,smt
103.69,-133.28,0.0,top,tr1,,,straight_track,st_track,smt
74.400408,-78.670913,45.0,top,tr1,,,straight_track,st_track,smt
74.5,-121.2,135.0,top,tr1,,,straight_track,st_track,smt
111.71,-66.54,0.0,top,tr1,,,straight_track_extension_single,st_track,smt
112.22,-110.64,90.0,top,tr1,,,straight_track_extension,st_track,smt
103.606447,-66.563554,0.0,top,tr1,,,straight_track,st_track,smt
126.006707,-123.367906,45.0,top,tr1,,,straight_track,st_track,smt
98.52,-97.93,45.0,top,tr1,,,straight_track,st_track,smt
119.98,-129.4,45.0,top,tr1,,,straight_track_extension,st_track,smt
