﻿pos_x,pos_y,rotation,side,designator,mpn,pack,footprint,value,mount_type
118.453174,-98.338068,-112.5,bottom,J1,,,track_connections,Conn_01x03,smt
154.453173,-98.338069,-112.5,bottom,J1,,,track_connections,Conn_01x03,smt
118.453174,-127.338067,-112.5,bottom,J1,,,track_connections,Conn_01x03,smt
178.453173,-127.338066,-112.5,bottom,J1,,,track_connections,Conn_01x03,smt
136.453172,-98.338067,-112.5,bottom,J1,,,track_connections,Conn_01x03,smt
124.453174,-98.338067,-112.5,bottom,J1,,,track_connections,Conn_01x03,smt
154.453173,-127.338068,-112.5,bottom,J1,,,track_connections,Conn_01x03,smt
178.453173,-98.338067,-112.5,bottom,J1,,,track_connections,Conn_01x03,smt
160.453173,-98.338066,-112.5,bottom,J1,,,track_connections,Conn_01x03,smt
130.453172,-98.338067,-112.5,bottom,J1,,,track_connections,Conn_01x03,smt
172.453173,-127.338068,-112.5,bottom,J1,,,track_connections,Conn_01x03,smt
136.453172,-127.338066,-112.5,bottom,J1,,,track_connections,Conn_01x03,smt
166.453173,-127.338069,-112.5,bottom,J1,,,track_connections,Conn_01x03,smt
160.453173,-127.338065,-112.5,bottom,J1,,,track_connections,Conn_01x03,smt
124.453174,-127.338066,-112.5,bottom,J1,,,track_connections,Conn_01x03,smt
172.453173,-98.338069,-112.5,bottom,J1,,,track_connections,Conn_01x03,smt
166.453173,-98.33807,-112.5,bottom,J1,,,track_connections,Conn_01x03,smt
130.453172,-127.338066,-112.5,bottom,J1,,,track_connections,Conn_01x03,smt
142.453173,-98.338067,-112.5,bottom,J1,,,track_connections,Conn_01x03,smt
142.453173,-127.338066,-112.5,bottom,J1,,,track_connections,Conn_01x03,smt
160.453173,-118.727688,-67.5,bottom,J2,,,track_connections,Conn_01x03,smt
118.453174,-118.72769,-67.5,bottom,J2,,,track_connections,Conn_01x03,smt
166.453173,-89.727693,-67.5,bottom,J2,,,track_connections,Conn_01x03,smt
166.453173,-118.727692,-67.5,bottom,J2,,,track_connections,Conn_01x03,smt
136.453172,-118.727689,-67.5,bottom,J2,,,track_connections,Conn_01x03,smt
130.453172,-118.727689,-67.5,bottom,J2,,,track_connections,Conn_01x03,smt
124.453174,-118.727689,-67.5,bottom,J2,,,track_connections,Conn_01x03,smt
142.453173,-118.727689,-67.5,bottom,J2,,,track_connections,Conn_01x03,smt
154.453173,-118.727691,-67.5,bottom,J2,,,track_connections,Conn_01x03,smt
154.453173,-89.727692,-67.5,bottom,J2,,,track_connections,Conn_01x03,smt
118.453174,-89.727691,-67.5,bottom,J2,,,track_connections,Conn_01x03,smt
160.453173,-89.727689,-67.5,bottom,J2,,,track_connections,Conn_01x03,smt
136.453172,-89.72769,-67.5,bottom,J2,,,track_connections,Conn_01x03,smt
178.453173,-89.72769,-67.5,bottom,J2,,,track_connections,Conn_01x03,smt
172.453173,-89.727692,-67.5,bottom,J2,,,track_connections,Conn_01x03,smt
142.453173,-89.72769,-67.5,bottom,J2,,,track_connections,Conn_01x03,smt
172.453173,-118.727691,-67.5,bottom,J2,,,track_connections,Conn_01x03,smt
178.453173,-118.727689,-67.5,bottom,J2,,,track_connections,Conn_01x03,smt
124.453174,-89.72769,-67.5,bottom,J2,,,track_connections,Conn_01x03,smt
130.453172,-89.72769,-67.5,bottom,J2,,,track_connections,Conn_01x03,smt
