﻿Designator,Quantity,Value,Footprint,Package,MPN,DNP,Mount_Type,Description,Digikey Part No.
A1,1,Adafruit_Feather_HUZZAH32_ESP32,Adafruit_Feather,,,,tht,Microcontroller module with ESP32 MCU,
"D1, D2, D3, D6",4,1N4148W,D_SOD-123,,,,smt,,1N4148W-FDITR-ND
D4,1,MBR230L,D_SOD-123F,,,,smt,,MBR230LSFT1GOSCT-ND
"F1, F2, F3",3,PLF_5A,Fuse_1210_3225Metric,,,,smt,,
J1,1,LED,PinHeader_1x04_P2.54mm_Vertical,,,,tht,"Generic connector, single row, 01x04, script generated (kicad-library-utils/schlib/autogen/connector/)",
"J2, J6",2,ST_BLA,"TerminalBlock_Phoenix_PT-1,5-2-3.5-H_1x02_P3.50mm_Horizontal",,,,tht,,277-5719-ND
J3,1,Barrel_Jack_Switch,BarrelJack_CUI_PJ-063AH_Horizontal,,,,tht,,CP-063AH-ND
J5,1,Conn_02x06_Odd_Even,PinHeader_2x06_P2.54mm_Vertical,,,,tht,"Generic connector, double row, 02x06, odd/even pin numbering scheme (row 1 odd numbers, row 2 even numbers), script generated (kicad-library-utils/schlib/autogen/connector/)",
"Q1, Q2, Q3, Q5",4,AOSP36326C,SO8SOP-8L_AOS,,,,smt,,
"R1, R2, R3, R7",4,220,R_0805_2012Metric,,,,smt,"Resistor, small symbol",
"R4, R5, R6, R8",4,10K,R_0805_2012Metric,,,,smt,"Resistor, small symbol",
